{"cameraMode":{"drawMode":0,"name":"Shaded","section":"Shading Mode"},"sceneLighting":false,"audioPlay":false,"sceneViewState":{"showFog":true,"showMaterialUpdate":false,"showSkybox":false,"showFlares":true,"showImageEffects":true,"showParticleSystems":true},"in2DMode":false,"pivot":{"x":0.012844592332839966,"y":0.03510253131389618,"z":-0.10350564867258072},"rotation":{"x":-0.1821747124195099,"y":0.6455410122871399,"z":-0.16250261664390565,"w":-0.7236714959144592},"size":0.19279587268829347,"orthographic":false}